{"cameraMode":{"drawMode":0,"name":"Shaded","section":"Shading Mode"},"sceneLighting":true,"audioPlay":false,"sceneViewState":{"showFog":true,"showMaterialUpdate":false,"showSkybox":true,"showFlares":true,"showImageEffects":true,"showParticleSystems":true},"in2DMode":false,"pivot":{"x":0.45160579681396487,"y":-9.035123825073243,"z":5.653564453125},"rotation":{"x":-0.4700179398059845,"y":-0.002120958874002099,"z":0.0011294615687802435,"w":-0.8826600313186646},"size":23.593629837036134,"orthographic":false}