{"cameraMode":{"drawMode":0,"name":"Shaded","section":"Shading Mode"},"sceneLighting":true,"audioPlay":false,"sceneViewState":{"showFog":true,"showMaterialUpdate":false,"showSkybox":true,"showFlares":true,"showImageEffects":true,"showParticleSystems":true},"in2DMode":false,"pivot":{"x":-1.2845888137817383,"y":-13.539543151855469,"z":5.6686859130859379},"rotation":{"x":0.4763881266117096,"y":-0.1322714388370514,"z":0.07270169258117676,"w":0.8662173748016357},"size":33.47431945800781,"orthographic":false}